Name,Count,Description
404 status,4640,Count of status code 404
XSS,52,Count of possible XSS
SQL Injection,884,Count of possible SQL Injection
IDOR,692242,Count of possible Insecure Direct Object References
IP Address ,Request Counter for IP Address
193.106.31.130,53714
173.255.176.5,10440
51.210.183.78,5368
45.144.0.179,1892
176.222.58.254,1868
45.132.207.154,1780
45.153.227.55,1776
45.138.4.22,1760
45.153.227.31,1752
45.138.4.35,1744
45.132.51.62,1736
176.222.58.90,1720
45.138.145.131,1712
45.132.207.221,1700
45.138.145.106,1696
45.132.51.36,1692
45.144.0.98,1652
87.247.143.24,1472
45.145.161.6,1390
45.145.161.12,1360
194.156.95.52,1352
194.156.95.20,1324
87.247.143.30,1280
66.249.73.135,964
46.105.14.53,728
130.237.218.86,714
45.135.34.192,660
81.16.140.109,648
81.16.140.72,644
45.88.82.121,644
45.135.34.239,636
45.133.219.22,608
194.60.76.216,604
45.138.6.188,604
81.16.140.79,592
45.138.6.229,592
81.16.140.97,584
194.60.76.9,580
45.129.198.146,578
81.16.140.137,572
45.88.82.91,572
81.16.140.108,564
45.133.219.37,552
75.97.9.59,546
81.16.140.75,528
51.210.243.185,512
45.129.198.148,504
81.16.140.68,496
178.32.217.133,466
5.188.62.147,450
194.96.112.31,442
80.110.118.26,394
81.5.193.243,382
91.171.55.234,344
201.77.65.63,330
187.39.254.77,330
212.9.160.24,314
143.244.43.177,302
62.35.7.187,286
78.43.204.168,276
130.204.55.97,274
62.138.3.52,262
93.157.87.137,256
41.237.157.66,254
62.28.204.42,240
50.16.19.13,226
83.135.236.106,222
154.237.94.153,222
174.138.115.170,220
193.83.238.138,216
185.244.212.62,208
209.85.238.199,204
178.191.193.166,204
89.144.193.159,202
80.73.48.253,202
68.180.224.225,198
84.142.204.244,178
186.236.36.46,176
85.90.142.146,174
91.114.217.8,174
13.77.204.88,172
80.248.225.154,170
176.31.182.58,170
193.83.232.67,170
194.48.80.5,170
91.114.166.95,170
156.209.63.112,170
100.43.83.137,168
213.162.73.51,168
145.244.245.90,168
208.115.111.72,166
198.46.149.143,164
37.143.54.42,164
217.149.171.92,158
201.137.179.24,156
91.193.4.199,152
208.115.113.88,148
78.138.20.99,148
154.237.132.98,148
83.227.29.211,146
145.253.118.26,146
156.209.86.29,146
86.201.251.107,142
213.225.10.67,140
81.217.128.123,136
156.196.194.205,132
108.171.116.194,130
5.188.62.140,128
217.149.169.124,128
217.182.78.180,122
35.201.231.127,122
208.91.156.11,120
65.55.213.73,120
193.106.30.100,114
66.249.73.185,112
51.195.103.74,112
173.242.124.14,110
50.139.66.106,104
45.242.86.62,102
86.76.247.183,100
14.160.65.22,100
62.210.78.76,98
62.138.6.15,98
137.59.253.53,96
104.198.44.83,92
213.171.211.253,90
46.125.249.79,88
93.17.51.134,86
188.23.49.58,86
208.43.252.200,84
95.52.125.163,84
52.66.242.202,84
212.75.0.249,84
144.76.194.187,82
199.168.96.66,82
183.179.22.186,82
194.54.183.74,82
77.141.60.224,82
209.17.114.78,80
210.13.83.18,80
178.150.47.62,80
197.185.105.210,80
59.163.27.11,78
115.112.233.75,78
84.22.28.166,78
190.155.2.122,78
67.61.65.249,76
24.11.96.184,76
43.243.82.221,76
185.220.101.217,76
80.110.97.136,76
111.199.235.239,74
89.107.177.18,74
184.66.149.103,74
46.5.72.251,74
41.36.187.32,74
62.210.207.209,72
34.201.67.118,72
188.147.97.239,72
195.246.120.118,72
46.246.122.85,72
193.244.33.47,70
167.71.100.247,70
156.209.94.156,70
122.166.142.108,68
203.99.205.107,68
200.31.173.106,68
204.62.56.3,68
84.57.116.117,68
42.236.10.93,68
197.31.210.161,68
207.244.65.160,68
219.64.34.68,66
80.108.25.232,66
14.140.163.52,66
88.3.37.62,66
79.171.127.34,66
85.115.58.180,66
101.119.18.35,66
194.186.207.105,66
62.225.70.202,66
38.99.236.50,66
45.141.156.57,66
18.159.37.249,66
3.64.53.164,66
1.53.169.162,66
208.43.251.181,64
128.118.108.67,64
61.140.183.41,64
2.241.35.167,64
24.0.194.37,64
46.75.75.131,64
84.136.57.209,64
80.122.6.67,64
88.130.59.96,64
178.112.220.184,64
89.144.210.4,64
209.17.40.39,64
88.128.92.129,64
51.77.128.212,62
212.40.1.5,62
91.115.198.2,62
198.98.57.234,62
93.203.174.12,62
213.225.15.216,62
41.232.29.195,62
176.214.129.162,62
88.116.25.122,62
42.236.10.125,60
42.236.10.117,60
185.188.136.33,60
173.231.59.218,60
34.125.180.244,60
65.55.213.74,58
88.120.89.50,58
82.80.14.189,58
23.30.147.145,56
13.66.139.81,56
42.236.10.75,56
212.95.5.226,56
144.76.95.39,54
212.51.173.12,54
134.158.231.20,54
199.203.101.7,54
198.144.120.234,54
99.252.100.83,52
83.61.80.53,52
222.14.252.108,52
180.163.220.67,52
93.174.93.133,52
154.237.160.103,52
216.152.249.242,50
217.12.185.5,50
85.25.185.103,50
103.240.195.87,50
94.93.82.148,48
159.69.67.237,48
135.181.148.192,48
85.25.185.196,48
107.11.44.148,48
83.149.9.216,46
108.174.55.234,46
176.92.75.62,46
88.103.19.195,46
217.195.202.13,46
150.162.56.185,46
66.249.64.41,46
194.96.191.138,46
156.222.35.183,46
178.255.215.83,44
70.83.251.183,44
103.129.32.65,44
103.73.71.85,44
23.100.232.233,44
156.209.16.244,44
207.241.237.223,42
13.76.91.32,42
98.37.112.181,42
92.50.195.50,42
174.138.13.220,42
40.87.105.177,42
85.25.177.219,42
46.118.118.233,42
185.4.253.67,40
129.146.122.232,40
185.220.101.149,40
185.162.227.186,40
91.134.208.24,40
91.221.131.30,38
208.93.0.48,38
81.190.174.219,38
42.236.10.114,38
85.25.177.139,38
62.138.2.160,38
207.241.237.220,36
89.2.87.1,36
201.26.152.202,36
72.223.76.198,36
83.42.229.238,36
106.78.19.160,36
79.84.40.134,36
157.55.39.19,36
192.240.180.114,36
192.126.162.16,36
139.162.191.178,36
107.23.140.138,36
207.241.237.227,34
207.241.237.101,34
50.131.51.216,34
178.255.215.71,34
78.157.154.210,34
93.104.161.108,34
180.163.220.68,34
95.216.96.244,34
40.77.188.170,34
95.216.96.170,34
82.165.117.55,34
95.216.96.254,34
128.199.15.142,34
95.216.96.242,34
95.216.96.245,34
207.241.237.228,32
218.30.103.62,32
79.101.87.86,32
54.36.148.1,32
95.216.172.176,32
23.82.81.185,32
168.91.81.85,32
207.46.13.80,32
185.185.217.75,32
89.144.205.67,32
185.100.87.207,32
95.216.172.190,32
146.1.1.2,30
14.141.56.98,30
51.222.44.145,30
42.236.10.78,30
64.119.20.98,30
108.32.74.68,28
194.29.137.5,28
81.198.20.11,28
49.204.238.249,28
167.114.175.39,28
17.58.97.167,28
91.192.103.11,28
54.37.23.114,28
207.241.237.225,26
207.241.237.102,26
207.241.237.104,26
66.249.81.91,26
188.122.8.79,26
192.118.118.1,26
186.231.123.210,26
37.11.0.8,26
193.33.2.113,26
173.231.106.34,26
54.36.149.45,26
66.249.75.229,26
180.163.220.4,26
180.163.220.5,26
85.25.210.23,26
66.249.93.56,26
42.236.10.84,26
154.237.112.198,26
84.85.130.133,24
176.31.103.52,24
207.241.237.224,24
94.79.44.40,24
79.103.41.39,24
66.6.147.80,24
89.218.93.74,24
194.126.102.178,24
66.162.222.50,24
168.91.81.164,24
66.249.64.39,24
173.44.222.118,24
193.29.107.244,24
207.230.100.110,24
23.82.81.78,24
168.91.81.82,24
185.107.95.213,24
37.46.114.112,24
109.162.121.181,24
51.15.251.17,24
51.91.98.249,24
156.207.157.208,24
88.112.19.251,22
207.241.237.226,22
207.241.237.103,22
74.125.19.82,22
75.144.62.181,22
216.244.66.230,22
191.102.156.173,22
107.173.129.127,22
66.249.75.225,22
157.55.39.214,22
77.119.131.226,22
13.66.139.60,22
51.77.108.33,22
37.120.217.164,22
85.25.177.187,22
66.249.93.52,22
107.170.41.69,20
120.202.255.147,20
74.125.176.150,20
98.252.226.135,20
68.4.202.231,20
24.84.241.107,20
150.101.192.144,20
110.184.146.254,20
178.203.37.192,20
77.241.193.88,20
106.51.144.106,20
132.252.139.85,20
23.82.80.42,20
172.241.243.212,20
172.241.243.208,20
168.91.80.127,20
191.102.166.229,20
40.77.189.82,20
13.66.139.64,20
172.241.242.98,20
168.91.83.223,20
168.91.83.222,20
50.31.8.13,20
168.91.83.51,20
168.91.80.149,20
40.77.190.182,20
172.241.243.52,20
77.247.181.165,20
66.249.93.54,20
70.126.47.173,20
41.43.91.183,20
91.173.78.247,20
173.69.175.173,20
199.16.156.125,18
207.241.237.221,18
143.233.204.28,18
74.125.176.146,18
216.14.102.16,18
67.170.98.63,18
84.137.208.44,18
74.125.176.144,18
94.7.215.43,18
99.33.244.41,18
86.130.160.107,18
91.236.75.25,18
85.168.225.197,18
80.32.77.152,18
173.11.136.157,18
31.208.44.206,18
98.122.171.175,18
130.243.172.179,18
139.184.30.132,18
69.167.130.5,18
85.43.182.12,18
97.82.80.65,18
80.160.68.134,18
78.171.202.100,18
208.43.251.180,18
17.58.97.160,18
180.163.220.3,18
180.163.220.66,18
40.94.96.50,18
185.81.157.136,18
154.237.116.75,18
92.101.200.136,18
35.231.163.195,18
134.76.249.10,16
187.45.193.158,16
199.16.156.126,16
74.125.176.151,16
109.74.151.149,16
81.187.167.236,16
177.106.12.201,16
110.170.125.5,16
89.68.134.81,16
50.158.157.89,16
216.14.198.50,16
184.162.26.147,16
24.237.38.218,16
106.187.34.32,16
162.210.196.130,16
155.140.133.248,16
212.39.97.114,16
193.83.204.66,16
110.159.23.90,16
193.50.193.83,16
128.214.173.46,16
190.153.25.242,16
170.148.69.141,16
192.44.32.8,16
188.9.138.189,16
188.192.27.241,16
64.131.102.243,16
208.43.243.244,16
63.140.98.80,16
162.210.196.129,16
168.91.82.250,16
168.91.80.103,16
191.102.156.192,16
173.44.167.243,16
173.44.167.254,16
173.44.165.179,16
207.230.100.87,16
46.185.114.98,16
66.249.75.227,16
50.31.8.137,16
45.55.58.166,16
103.121.60.69,16
207.230.100.5,16
83.136.32.140,16
17.58.101.197,16
66.249.64.43,16
23.82.81.63,16
173.234.225.46,16
191.102.167.238,16
192.126.162.52,16
52.37.53.217,16
172.241.243.16,16
23.228.109.146,16
197.17.167.209,16
154.237.190.52,16
94.228.34.233,14
65.55.213.79,14
109.167.131.110,14
88.184.51.134,14
108.91.82.251,14
199.16.156.124,14
107.170.40.204,14
151.225.221.231,14
78.193.126.4,14
46.5.254.123,14
83.253.123.163,14
185.2.138.125,14
80.118.116.26,14
84.75.200.115,14
212.84.56.58,14
202.86.115.186,14
94.7.95.97,14
92.234.93.242,14
122.146.177.66,14
84.52.150.17,14
67.244.81.209,14
213.10.136.118,14
76.2.185.161,14
189.170.95.135,14
117.28.234.67,14
119.36.179.179,14
118.169.39.21,14
114.141.164.18,14
118.97.174.156,14
128.61.85.15,14
217.116.157.26,14
50.8.159.176,14
208.43.255.27,14
208.43.255.28,14
128.61.92.96,14
27.251.237.154,14
176.226.17.33,14
194.249.247.164,14
76.176.53.173,14
195.14.72.29,14
68.180.224.235,14
115.77.7.145,14
202.59.2.2,14
96.49.214.84,14
89.216.30.194,14
216.109.99.4,14
203.219.136.224,14
91.204.25.44,14
195.228.139.91,14
89.191.52.88,14
195.14.103.53,14
111.240.183.248,14
62.134.44.20,14
72.76.128.176,14
138.96.204.237,14
75.67.42.229,14
213.61.156.100,14
129.70.212.93,14
193.104.184.225,14
194.149.247.24,14
209.141.128.208,14
89.238.233.38,14
193.24.88.211,14
85.89.160.218,14
217.17.193.66,14
109.74.154.79,14
82.181.180.138,14
206.47.94.142,14
213.160.109.10,14
82.135.32.98,14
212.33.34.196,14
79.176.36.151,14
130.226.230.7,14
78.49.133.207,14
194.250.79.71,14
183.37.131.40,14
62.77.171.249,14
116.75.148.149,14
91.114.206.13,14
128.147.28.1,14
216.143.11.118,14
83.221.67.237,14
132.229.223.2,14
94.253.195.219,14
50.131.220.143,14
12.110.81.190,14
195.194.187.106,14
81.34.53.43,14
191.102.167.138,14
173.44.165.75,14
66.249.70.110,14
23.90.30.144,14
199.21.113.251,14
45.61.164.249,14
194.186.207.248,14
191.102.166.72,14
173.44.165.156,14
154.16.20.167,14
173.44.222.212,14
85.198.144.34,14
23.90.31.66,14
23.90.30.239,14
23.231.38.145,14
154.16.20.143,14
23.90.31.214,14
87.102.185.102,14
188.163.74.184,14
91.230.25.200,14
197.31.193.65,14
81.164.153.9,14
197.31.247.27,14
54.37.22.98,14
54.37.22.123,14
54.37.22.68,14
54.37.23.134,14
128.199.46.160,14
128.74.45.78,14
178.62.82.141,14
66.249.66.206,14
102.42.167.175,14
93.114.45.13,12
110.136.166.128,12
91.177.205.119,12
81.220.24.207,12
86.1.76.62,12
105.235.130.196,12
54.255.13.204,12
68.184.202.186,12
97.116.185.190,12
90.220.199.149,12
36.38.8.174,12
212.242.185.85,12
79.185.184.23,12
82.247.137.135,12
86.182.52.145,12
193.238.231.119,12
117.227.171.181,12
74.125.176.149,12
208.54.40.237,12
80.153.191.173,12
67.61.162.49,12
94.222.112.110,12
213.21.42.46,12
74.125.176.148,12
120.59.2.54,12
71.9.98.194,12
75.134.169.174,12
207.255.245.133,12
107.170.40.199,12
74.218.234.48,12
94.23.164.135,12
88.196.179.78,12
68.174.223.12,12
77.175.189.215,12
217.140.110.23,12
174.23.200.134,12
72.174.22.174,12
106.79.29.147,12
50.103.242.61,12
68.151.4.139,12
201.76.90.77,12
64.134.102.242,12
84.46.60.57,12
87.182.248.236,12
71.207.215.148,12
80.28.130.108,12
76.103.82.13,12
66.211.105.190,12
155.63.71.11,12
70.127.254.161,12
64.80.110.74,12
79.191.201.108,12
184.60.23.120,12
2.137.32.153,12
77.0.42.68,12
91.68.55.56,12
98.227.31.237,12
84.112.29.184,12
213.112.253.123,12
77.248.77.178,12
85.28.124.249,12
82.145.219.13,12
109.189.132.223,12
80.57.170.121,12
105.235.218.242,12
71.33.204.157,12
37.115.113.172,12
79.83.255.199,12
83.105.90.45,12
84.60.79.43,12
71.191.158.163,12
114.69.226.80,12
198.148.112.117,12
99.158.0.150,12
195.44.196.178,12
69.234.185.154,12
186.22.52.72,12
46.4.101.88,12
69.181.104.228,12
178.32.51.157,12
76.14.236.249,12
93.139.195.61,12
78.97.239.35,12
78.145.242.171,12
91.179.36.136,12
70.186.197.197,12
193.77.124.16,12
68.88.73.113,12
76.115.204.132,12
92.230.229.41,12
107.203.4.32,12
201.124.21.149,12
203.206.205.64,12
174.93.161.163,12
68.183.65.140,12
67.253.133.120,12
95.97.244.106,12
212.159.68.200,12
72.215.249.101,12
96.36.44.80,12
65.172.240.122,12
203.41.198.36,12
24.147.91.100,12
82.145.208.98,12
189.214.42.128,12
81.170.148.153,12
203.84.135.120,12
180.166.130.86,12
81.142.35.154,12
70.112.152.59,12
166.37.114.52,12
188.250.157.192,12
203.219.2.2,12
80.133.249.216,12
70.109.45.64,12
68.13.110.158,12
211.9.44.193,12
76.167.133.189,12
174.51.6.146,12
115.112.80.98,12
116.50.181.5,12
75.161.167.75,12
100.2.4.116,12
61.12.113.192,12
112.202.18.45,12
98.193.68.66,12
106.51.250.126,12
77.1.77.21,12
196.14.132.154,12
195.250.51.10,12
190.82.255.69,12
98.210.187.48,12
95.172.74.38,12
81.61.214.106,12
89.238.251.138,12
202.68.209.129,12
119.6.7.18,12
218.188.93.140,12
59.124.251.135,12
61.246.186.198,12
95.82.59.254,12
85.254.143.114,12
41.74.172.23,12
188.205.61.177,12
220.244.10.116,12
178.152.18.59,12
213.252.7.178,12
62.44.32.116,12
92.163.85.51,12
203.122.224.39,12
193.252.149.222,12
77.11.205.74,12
61.135.169.84,12
210.71.251.31,12
85.248.108.8,12
134.58.253.57,12
193.225.194.254,12
75.132.156.143,12
91.213.10.2,12
46.118.127.106,12
77.240.31.230,12
130.229.158.194,12
46.33.196.184,12
160.92.7.69,12
99.171.108.193,12
5.102.10.173,12
80.48.102.35,12
93.210.154.199,12
115.114.17.146,12
61.16.241.98,12
62.192.67.154,12
188.80.229.128,12
24.21.55.63,12
77.175.4.43,12
89.250.16.2,12
1.22.35.226,12
88.218.141.221,12
183.87.253.120,12
80.239.169.204,12
83.175.127.2,12
217.91.18.234,12
86.56.94.63,12
5.56.158.218,12
91.183.139.98,12
93.191.160.193,12
147.142.186.54,12
64.237.51.169,12
213.17.226.11,12
88.210.182.128,12
121.209.208.128,12
62.47.98.178,12
181.160.193.212,12
118.72.253.84,12
92.50.146.166,12
150.101.171.78,12
78.6.176.46,12
87.216.109.88,12
193.146.92.166,12
31.35.64.245,12
62.50.6.113,12
117.195.177.223,12
220.245.217.154,12
87.6.86.34,12
95.148.254.71,12
46.65.248.177,12
109.195.177.171,12
193.77.158.208,12
89.212.62.88,12
199.247.189.63,12
194.14.211.19,12
95.87.197.134,12
85.216.186.139,12
162.44.252.21,12
80.156.209.18,12
194.146.132.138,12
91.220.39.15,12
194.45.150.17,12
220.209.87.113,12
96.254.233.150,12
193.167.195.60,12
213.193.72.155,12
182.253.23.3,12
193.185.55.253,12
89.156.153.83,12
84.233.151.236,12
193.40.6.84,12
200.68.86.233,12
173.166.158.222,12
125.199.63.98,12
213.174.192.220,12
62.12.14.27,12
130.239.41.58,12
177.132.188.205,12
173.36.196.6,12
80.252.78.170,12
194.171.252.104,12
83.206.120.18,12
178.118.111.33,12
91.231.179.253,12
125.122.211.40,12
62.159.237.82,12
108.15.20.23,12
194.105.145.147,12
178.213.66.2,12
178.17.6.226,12
99.6.61.4,12
81.157.147.252,12
108.29.33.122,12
200.85.183.174,12
50.59.104.212,12
195.56.119.209,12
14.18.25.243,12
79.35.84.239,12
69.85.215.56,12
89.121.200.106,12
83.69.235.12,12
96.63.29.108,12
213.181.52.10,12
163.157.254.25,12
193.30.41.222,12
183.221.90.177,12
197.36.142.40,12
72.54.172.193,12
81.210.53.2,12
109.190.148.218,12
213.150.233.62,12
178.15.11.82,12
109.231.204.82,12
92.236.181.94,12
128.179.155.97,12
70.182.103.221,12
176.14.63.246,12
184.153.164.52,12
116.203.238.137,12
130.126.255.121,12
189.11.65.66,12
179.179.206.176,12
190.198.191.75,12
177.6.142.6,12
66.187.233.202,12
174.26.93.238,12
157.127.239.146,12
177.73.254.10,12
93.80.29.12,12
82.233.80.245,12
199.204.56.18,12
62.159.77.167,12
195.176.191.93,12
91.99.29.38,12
177.141.70.11,12
72.4.104.94,12
74.76.53.142,12
79.197.82.119,12
72.199.66.220,12
155.201.35.55,12
24.130.53.65,12
141.142.223.45,12
91.180.146.16,12
78.19.193.147,12
134.192.71.41,12
72.9.0.86,12
189.71.37.115,12
82.130.48.164,12
82.130.49.223,12
31.4.197.143,12
162.211.96.55,12
209.118.149.82,12
173.164.44.34,12
212.180.233.101,12
108.28.155.98,12
92.115.179.247,12
91.151.182.109,12
45.61.164.246,12
168.91.80.240,12
162.158.203.26,12
191.102.167.234,12
91.241.19.182,12
108.59.8.80,12
172.241.242.197,12
198.23.201.189,12
23.229.14.227,12
23.90.31.3,12
168.91.81.216,12
154.16.20.134,12
5.18.186.167,12
168.91.83.221,12
17.58.97.161,12
108.59.8.70,12
168.91.80.209,12
172.245.64.249,12
107.174.37.156,12
207.230.100.217,12
172.241.242.245,12
192.126.162.243,12
50.31.8.148,12
40.94.96.39,12
40.94.96.10,12
5.248.238.224,12
45.61.164.238,12
168.91.82.55,12
162.210.196.97,12
197.16.18.163,12
149.0.226.129,12
23.82.81.76,12
173.245.75.52,12
168.91.82.130,12
207.230.100.247,12
178.165.72.177,12
168.91.80.152,12
103.149.21.25,12
54.255.12.210,12
101.127.242.221,12
46.193.0.123,12
104.214.79.46,12
54.176.188.51,12
71.212.224.97,10
85.170.84.143,10
54.220.160.83,10
217.212.224.181,10
166.147.88.15,10
82.165.139.53,10
195.248.32.227,10
217.69.133.238,10
50.132.55.62,10
42.107.175.146,10
98.248.53.169,10
93.152.153.38,10
65.19.138.33,10
198.228.201.171,10
37.194.3.12,10
108.231.135.74,10
81.154.31.181,10
107.170.9.55,10
59.124.42.160,10
157.56.92.151,10
74.125.19.80,10
67.233.210.41,10
99.101.69.97,10
74.105.15.185,10
203.173.241.145,10
207.45.249.135,10
178.172.239.240,10
195.160.233.249,10
121.189.37.60,10
82.136.45.164,10
217.174.111.254,10
65.52.104.233,10
84.121.6.23,10
93.57.95.188,10
24.5.221.92,10
5.10.83.23,10
5.10.83.91,10
49.206.120.190,10
24.97.227.132,10
91.232.96.8,10
87.64.176.135,10
24.115.69.95,10
35.237.4.214,10
66.249.66.158,10
200.117.136.188,10
23.90.31.58,10
66.249.70.112,10
45.55.195.141,10
23.229.75.24,10
103.245.193.10,10
23.236.232.174,10
42.236.10.72,10
23.90.30.135,10
191.102.166.190,10
85.191.186.133,10
34.77.35.166,10
105.159.77.140,10
23.90.30.214,10
106.208.18.158,10
198.144.181.243,10
42.236.10.81,10
23.231.38.135,10
45.132.242.99,10
80.110.125.36,10
66.249.79.208,10
66.249.75.92,10
34.229.33.209,10
41.227.165.80,10
24.147.8.212,10
93.29.41.204,10
162.158.203.28,10
128.199.145.96,10
95.84.237.193,10
156.222.1.209,10
94.62.180.203,10
49.207.196.20,10
184.178.172.25,10
197.14.141.71,10
197.1.4.152,10
37.173.38.176,10
5.102.173.71,8
66.249.81.20,8
217.69.133.70,8
217.69.133.237,8
192.95.12.193,8
107.170.40.203,8
157.55.32.190,8
222.77.201.107,8
80.237.234.150,8
107.170.40.205,8
98.216.194.189,8
64.237.35.242,8
90.1.43.248,8
27.159.203.227,8
199.30.20.6,8
69.160.56.236,8
88.198.255.242,8
107.170.40.198,8
24.8.92.137,8
89.136.142.105,8
74.125.176.145,8
108.170.215.93,8
217.69.133.234,8
178.19.99.105,8
188.35.22.24,8
86.28.207.22,8
178.32.216.134,8
122.167.215.241,8
107.170.40.201,8
65.55.215.37,8
63.223.125.170,8
80.89.192.53,8
204.93.54.178,8
37.220.7.250,8
198.27.64.9,8
103.245.44.13,8
83.31.36.250,8
129.184.84.11,8
80.187.96.71,8
50.157.244.41,8
159.50.249.150,8
200.10.161.5,8
15.211.201.85,8
31.6.71.243,8
5.10.83.65,8
5.10.83.82,8
5.10.83.21,8
23.229.67.14,8
5.10.83.53,8
157.48.208.79,8
168.91.82.32,8
46.150.240.108,8
69.4.94.111,8
198.23.172.191,8
24.193.95.168,8
173.44.165.202,8
168.91.38.170,8
90.127.201.128,8
173.234.225.239,8
168.91.81.165,8
5.253.19.140,8
197.20.116.211,8
162.158.203.22,8
187.76.237.145,8
191.102.167.130,8
138.128.50.52,8
45.61.165.22,8
176.104.126.75,8
87.115.231.176,8
173.44.222.120,8
50.31.8.146,8
173.44.167.64,8
23.82.80.234,8
172.245.28.181,8
40.77.190.15,8
192.126.162.101,8
5.255.253.153,8
5.45.207.161,8
191.102.166.144,8
191.102.156.204,8
107.175.38.13,8
104.227.191.170,8
192.3.241.7,8
23.235.253.35,8
173.234.225.189,8
23.90.30.53,8
197.16.168.66,8
107.152.161.100,8
172.241.242.110,8
168.91.83.192,8
173.44.222.193,8
191.102.167.215,8
40.94.96.4,8
173.234.225.127,8
192.126.162.10,8
92.58.160.201,8
88.5.191.204,8
66.249.79.230,8
54.236.1.11,8
216.213.27.218,8
197.31.223.105,8
168.91.82.160,8
192.126.162.162,8
49.206.53.72,8
24.128.117.180,8
198.245.60.76,8
23.229.120.97,8
172.241.242.187,8
172.241.243.139,8
162.210.196.98,8
45.80.97.218,8
198.23.201.164,8
23.82.80.91,8
40.77.190.155,8
185.217.117.115,8
131.107.147.94,8
106.217.22.125,8
90.214.104.232,8
45.170.228.6,8
162.210.196.100,8
157.55.39.49,8
41.229.15.254,8
93.80.5.61,8
66.249.93.21,8
184.178.172.28,8
83.159.116.192,8
49.206.32.119,8
98.188.47.150,8
13.66.139.114,8
34.83.189.169,8
185.191.171.7,8
24.214.47.16,8
156.207.145.139,8
200.49.190.101,6
65.19.138.34,6
82.193.99.33,6
173.192.238.41,6
74.125.40.22,6
202.156.10.254,6
173.192.238.58,6
198.228.201.147,6
46.119.119.29,6
195.250.34.144,6
74.125.40.17,6
157.56.92.158,6
180.76.5.22,6
74.125.19.81,6
205.159.86.10,6
74.125.19.83,6
107.170.40.197,6
157.56.229.247,6
74.125.176.82,6
91.9.25.91,6
131.253.24.32,6
74.125.40.21,6
180.76.5.214,6
107.170.40.200,6
195.242.218.133,6
180.76.6.28,6
131.253.24.76,6
157.56.93.154,6
50.58.161.66,6
74.125.176.84,6
74.125.40.19,6
157.55.33.88,6
180.76.6.43,6
98.206.132.188,6
119.147.146.189,6
112.216.234.90,6
14.203.126.78,6
65.55.215.237,6
65.55.215.241,6
175.143.7.57,6
211.25.11.99,6
46.161.41.24,6
68.120.89.142,6
93.91.233.50,6
180.76.5.98,6
46.118.125.84,6
14.141.91.20,6
12.43.40.25,6
130.117.119.80,6
59.90.241.113,6
113.212.70.121,6
193.58.82.178,6
78.173.140.106,6
173.242.120.61,6
95.78.54.93,6
161.72.16.78,6
141.89.226.149,6
88.8.30.135,6
101.199.108.50,6
198.245.61.43,6
37.115.112.88,6
204.236.226.210,6
201.22.249.225,6
188.165.243.45,6
157.55.33.19,6
157.55.33.15,6
68.14.231.140,6
80.108.184.97,6
5.10.83.105,6
15.219.153.83,6
162.158.203.24,6
182.239.117.249,6
23.231.38.247,6
137.116.116.251,6
23.94.20.157,6
66.249.70.108,6
17.58.101.191,6
23.236.254.234,6
165.51.200.210,6
157.38.37.80,6
101.68.81.230,6
92.130.207.142,6
23.231.38.218,6
43.231.29.144,6
45.128.133.234,6
193.147.162.141,6
86.31.119.25,6
88.149.154.32,6
179.246.209.61,6
185.85.190.132,6
62.217.185.133,6
179.155.104.219,6
216.120.224.208,6
5.16.122.106,6
103.80.199.180,6
191.102.156.137,6
45.61.165.10,6
176.234.11.88,6
40.94.96.1,6
40.94.96.48,6
104.206.81.24,6
88.98.240.121,6
188.76.5.119,6
82.151.121.137,6
104.144.155.162,6
82.64.213.145,6
213.18.187.191,6
45.127.44.84,6
66.249.65.157,6
157.55.39.157,6
66.249.73.142,6
91.160.60.75,6
185.224.1.180,6
173.44.167.58,6
162.115.44.104,6
95.174.110.235,6
191.183.198.39,6
46.245.117.81,6
103.57.133.5,6
102.108.90.215,6
197.1.9.109,6
178.115.130.13,6
103.96.18.224,6
69.160.29.237,6
179.12.238.177,6
106.222.47.247,6
185.220.101.134,6
51.75.64.187,6
103.112.1.29,6
23.250.11.250,6
46.185.127.176,6
192.3.27.183,6
190.200.24.21,6
45.65.49.99,6
23.229.14.230,6
107.174.33.153,6
109.228.220.144,6
217.149.168.194,6
106.76.74.76,6
197.31.227.31,6
212.126.107.230,6
82.222.98.58,6
110.76.148.86,6
17.58.97.16,6
35.227.62.178,6
197.27.195.104,6
200.119.50.220,6
36.71.233.133,6
13.68.244.143,6
46.11.111.22,6
109.70.100.43,6
41.33.105.226,6
42.236.10.122,6
27.106.24.245,6
170.83.179.107,6
24.242.241.142,6
66.249.66.208,6
66.249.66.159,6
188.162.167.131,6
90.70.242.242,6
185.191.171.16,6
41.229.15.252,6
197.2.20.207,6
85.53.251.32,6
68.190.30.26,6
13.66.139.2,6
66.249.79.12,6
46.185.117.199,6
207.97.174.134,6
217.118.90.192,6
66.249.93.23,6
157.55.39.31,6
170.231.130.39,6
185.191.171.37,6
66.249.66.204,6
156.207.233.110,6
3.224.109.39,6
102.156.146.164,6
156.199.78.9,6
67.214.178.190,4
74.125.40.20,4
50.180.79.170,4
5.255.72.168,4
71.207.12.53,4
220.241.45.142,4
212.201.44.247,4
212.197.170.45,4
178.191.44.227,4
74.125.40.16,4
92.239.20.53,4
108.178.4.100,4
83.31.73.148,4
180.76.6.156,4
92.108.120.46,4
202.156.10.11,4
217.212.224.183,4
180.180.119.57,4
89.170.74.95,4
198.143.156.2,4
116.125.143.84,4
180.76.6.53,4
185.26.239.20,4
46.165.197.151,4
37.31.40.234,4
194.94.204.181,4
70.190.77.28,4
112.110.247.244,4
190.73.45.219,4
98.85.3.179,4
195.211.162.22,4
178.216.54.152,4
67.220.144.164,4
180.76.6.65,4
79.114.20.37,4
97.74.24.112,4
99.237.56.116,4
157.55.32.106,4
202.101.244.118,4
46.109.147.195,4
5.255.75.89,4
83.161.149.61,4
93.203.255.51,4
77.125.123.137,4
194.103.63.154,4
199.47.180.6,4
86.96.42.185,4
68.65.254.140,4
95.91.242.50,4
180.245.66.177,4
192.187.119.210,4
192.227.137.164,4
50.152.223.37,4
180.76.6.142,4
84.58.19.108,4
78.128.48.215,4
79.235.40.176,4
85.224.97.187,4
173.236.32.108,4
199.30.20.7,4
77.230.140.4,4
71.59.29.242,4
117.172.98.228,4
172.56.28.38,4
180.76.6.52,4
117.78.13.17,4
192.3.22.170,4
144.76.137.226,4
173.252.110.119,4
83.115.137.249,4
23.20.83.155,4
66.249.83.223,4
94.23.106.234,4
69.115.24.125,4
79.164.36.106,4
54.219.196.51,4
74.125.19.84,4
173.232.105.27,4
157.55.32.109,4
96.127.213.6,4
187.60.96.7,4
62.245.76.5,4
178.137.95.70,4
54.219.246.6,4
87.219.103.122,4
95.222.193.200,4
81.56.9.191,4
86.220.101.19,4
178.19.99.39,4
199.30.20.161,4
193.61.104.6,4
74.207.228.17,4
74.125.176.83,4
166.137.8.20,4
184.154.88.108,4
199.30.20.65,4
188.207.200.116,4
217.172.190.158,4
99.11.114.240,4
180.76.5.204,4
180.180.97.143,4
24.151.226.65,4
23.92.61.96,4
157.55.35.36,4
180.76.6.233,4
180.76.5.191,4
180.76.5.173,4
202.232.30.232,4
173.55.80.151,4
204.93.54.173,4
94.153.9.168,4
23.105.131.185,4
180.76.6.46,4
82.98.148.169,4
79.170.40.34,4
217.69.133.236,4
74.221.220.196,4
180.76.6.230,4
180.76.5.39,4
180.183.207.146,4
95.49.190.247,4
218.240.60.244,4
216.151.154.100,4
123.125.71.97,4
37.72.189.120,4
78.231.138.213,4
128.2.142.104,4
88.80.20.186,4
108.178.13.202,4
180.180.100.65,4
216.152.243.146,4
199.30.20.11,4
208.43.255.31,4
50.2.225.180,4
54.246.137.243,4
2.51.241.128,4
96.242.86.110,4
184.22.115.74,4
5.39.15.151,4
180.153.206.27,4
208.50.255.30,4
122.248.149.254,4
180.76.5.143,4
66.249.80.128,4
180.76.6.144,4
180.76.5.193,4
180.76.5.118,4
212.90.148.107,4
69.165.204.172,4
122.60.77.197,4
92.230.101.44,4
69.167.81.126,4
76.164.234.106,4
176.181.182.132,4
83.252.13.79,4
180.76.6.130,4
8.8.178.123,4
110.143.13.225,4
198.143.155.251,4
91.207.8.61,4
182.253.38.89,4
14.207.105.216,4
113.252.200.224,4
81.52.143.33,4
216.152.243.152,4
37.187.101.122,4
90.175.31.133,4
184.154.15.210,4
157.55.32.142,4
213.95.18.125,4
118.126.5.149,4
131.114.11.55,4
180.76.5.81,4
199.30.20.8,4
182.253.73.51,4
74.80.168.244,4
5.102.48.12,4
193.252.118.167,4
46.165.197.141,4
204.93.54.176,4
180.76.6.134,4
87.158.133.11,4
180.76.5.152,4
37.115.186.244,4
194.254.139.66,4
192.3.183.199,4
184.154.153.210,4
46.119.121.49,4
113.212.68.167,4
66.249.93.91,4
118.186.69.62,4
46.29.8.202,4
54.242.254.219,4
204.93.54.238,4
204.244.74.22,4
50.7.50.90,4
176.10.104.96,4
67.220.144.166,4
63.249.66.212,4
172.245.214.208,4
80.123.167.213,4
217.119.24.14,4
213.52.196.70,4
83.216.183.22,4
24.196.39.217,4
141.92.18.62,4
80.254.166.203,4
173.0.50.24,4
70.210.13.207,4
5.135.214.254,4
5.153.234.2,4
188.240.136.240,4
173.213.76.77,4
182.68.184.78,4
88.172.188.129,4
78.46.140.200,4
66.249.84.55,4
81.130.81.254,4
122.107.211.222,4
63.223.125.175,4
54.242.167.99,4
117.211.161.185,4
180.180.78.19,4
218.30.103.114,4
86.19.216.99,4
193.179.215.103,4
74.125.176.147,4
89.44.18.87,4
151.235.176.219,4
67.220.144.83,4
198.20.79.140,4
182.64.207.187,4
69.26.164.70,4
178.222.167.128,4
61.156.217.135,4
213.124.13.242,4
67.220.144.226,4
173.236.61.220,4
178.250.45.51,4
60.29.35.14,4
78.26.132.172,4
195.38.23.137,4
199.30.20.30,4
81.136.131.79,4
198.55.109.202,4
199.119.124.43,4
66.249.83.239,4
188.178.214.179,4
204.93.54.177,4
184.154.149.126,4
41.251.155.27,4
79.118.91.108,4
98.245.87.136,4
198.167.137.193,4
152.23.4.70,4
212.48.66.64,4
23.94.36.245,4
66.249.85.135,4
101.226.33.222,4
198.50.227.136,4
54.241.62.89,4
173.213.97.176,4
200.89.129.197,4
162.213.42.132,4
184.154.100.130,4
93.129.45.32,4
92.237.208.151,4
86.9.201.133,4
157.55.34.93,4
216.107.155.114,4
180.76.6.147,4
66.249.88.135,4
159.50.249.148,4
203.145.79.41,4
193.252.118.175,4
185.38.249.133,4
129.27.3.93,4
177.37.5.6,4
199.30.20.64,4
79.148.255.215,4
80.130.134.87,4
130.126.255.52,4
157.55.35.114,4
8.35.201.53,4
216.16.195.52,4
95.108.158.230,4
174.36.228.156,4
199.59.148.211,4
185.38.249.96,4
198.167.137.156,4
173.213.99.1,4
216.172.140.128,4
77.234.68.135,4
165.145.12.44,4
8.35.201.49,4
5.144.176.110,4
5.10.83.98,4
157.55.33.49,4
204.93.54.167,4
108.184.124.170,4
37.188.233.114,4
82.60.18.23,4
173.232.106.129,4
5.135.113.131,4
78.57.150.9,4
62.4.19.142,4
98.173.30.75,4
5.144.176.206,4
184.154.170.122,4
182.253.73.95,4
92.100.97.83,4
216.151.137.35,4
99.17.221.6,4
188.176.12.4,4
178.32.31.15,4
86.166.162.41,4
79.224.95.124,4
84.215.206.35,4
184.185.208.221,4
192.99.12.169,4
130.227.120.134,4
176.31.39.30,4
157.48.153.185,4
54.36.148.92,4
73.166.162.225,4
84.229.183.233,4
192.3.246.16,4
198.12.125.112,4
178.79.121.232,4
46.150.243.34,4
157.44.75.118,4
207.46.13.173,4
93.35.225.23,4
87.255.77.204,4
85.125.194.182,4
51.81.71.240,4
23.82.80.93,4
157.48.178.76,4
110.78.171.129,4
157.46.251.182,4
86.100.54.250,4
157.47.99.203,4
94.54.244.13,4
176.131.206.165,4
192.3.246.41,4
157.34.51.18,4
192.36.70.176,4
192.71.142.35,4
45.57.220.242,4
54.37.163.19,4
101.224.168.181,4
40.121.91.147,4
42.236.10.123,4
47.30.166.206,4
177.190.236.156,4
93.175.28.2,4
110.175.240.7,4
23.95.239.13,4
168.235.103.205,4
107.174.34.118,4
180.250.12.10,4
139.180.231.104,4
138.229.98.115,4
138.229.111.120,4
102.105.72.99,4
196.17.232.82,4
112.86.255.228,4
197.1.118.165,4
192.3.139.83,4
102.157.56.54,4
99.67.58.183,4
64.246.165.50,4
15.188.143.66,4
173.212.241.58,4
144.48.72.210,4
62.157.70.48,4
174.76.48.232,4
66.249.75.93,4
104.140.73.60,4
66.249.75.94,4
106.110.56.211,4
34.243.162.182,4
54.36.138.92,4
45.115.112.214,4
54.184.200.246,4
44.234.109.155,4
45.82.198.192,4
23.82.81.183,4
195.142.188.138,4
198.46.226.86,4
86.149.157.137,4
51.75.146.127,4
110.242.135.51,4
104.227.65.40,4
131.108.234.100,4
3.112.251.194,4
88.107.190.117,4
194.146.184.180,4
49.207.210.216,4
34.93.192.154,4
182.77.57.253,4
198.81.129.194,4
138.229.102.153,4
41.62.113.174,4
93.41.35.75,4
104.129.204.132,4
86.173.63.72,4
181.119.112.188,4
36.83.26.177,4
209.6.125.183,4
75.60.242.80,4
140.96.158.61,4
101.109.192.252,4
192.3.203.140,4
149.154.161.1,4
107.175.38.59,4
31.28.163.53,4
1.0.238.210,4
104.144.7.92,4
73.15.241.42,4
45.72.67.70,4
189.71.248.58,4
95.111.247.252,4
5.9.110.153,4
192.198.119.78,4
212.112.122.142,4
101.109.69.157,4
213.174.147.83,4
198.23.217.94,4
23.95.235.98,4
42.236.10.107,4
42.236.10.91,4
42.236.10.113,4
183.83.146.87,4
162.237.228.68,4
176.216.39.158,4
176.56.107.226,4
5.189.176.171,4
144.76.60.198,4
27.154.209.39,4
1.4.161.123,4
181.215.34.90,4
23.94.31.250,4
206.217.137.206,4
193.154.255.50,4
196.196.224.123,4
41.228.120.149,4
192.36.71.133,4
107.175.116.67,4
85.51.17.167,4
209.17.96.66,4
86.137.188.184,4
88.20.74.132,4
209.99.129.164,4
107.175.34.20,4
104.227.20.26,4
192.3.137.13,4
45.120.51.183,4
73.69.178.38,4
128.127.164.156,4
89.35.31.89,4
196.196.224.151,4
49.34.178.227,4
93.115.0.234,4
190.184.144.170,4
66.249.79.234,4
170.83.178.254,4
103.87.168.249,4
42.236.10.83,4
177.156.225.124,4
198.23.173.249,4
106.86.54.82,4
45.120.50.54,4
68.183.206.76,4
47.89.242.193,4
23.95.5.21,4
188.217.168.106,4
23.254.10.218,4
189.81.219.201,4
144.76.120.197,4
107.174.224.184,4
198.23.217.91,4
209.135.212.252,4
66.249.65.156,4
207.180.245.134,4
217.87.117.223,4
223.186.177.104,4
196.247.18.32,4
77.132.104.159,4
102.157.209.86,4
105.247.28.74,4
66.249.73.144,4
74.127.205.210,4
66.249.65.158,4
68.183.104.51,4
197.14.66.61,4
102.152.142.53,4
176.198.237.4,4
37.134.231.48,4
173.245.75.55,4
82.55.177.142,4
168.91.82.124,4
144.76.102.243,4
93.81.213.42,4
112.80.126.104,4
23.82.81.139,4
5.176.255.173,4
185.207.177.144,4
104.144.155.170,4
54.210.113.231,4
69.156.139.135,4
106.208.123.49,4
45.184.68.211,4
209.251.18.19,4
193.43.118.152,4
160.157.5.126,4
192.210.186.140,4
40.88.21.235,4
192.227.138.123,4
176.63.8.209,4
196.224.154.179,4
45.57.220.244,4
173.44.222.61,4
197.23.66.2,4
144.138.11.180,4
23.82.80.196,4
172.245.211.91,4
23.236.228.88,4
23.250.44.218,4
86.82.0.186,4
102.159.154.249,4
197.232.61.231,4
185.81.157.102,4
168.151.227.88,4
185.105.38.46,4
142.147.108.84,4
46.150.242.32,4
17.58.101.200,4
42.236.10.88,4
42.236.10.112,4
34.123.119.162,4
104.168.99.123,4
173.245.75.53,4
192.40.95.141,4
45.120.49.53,4
1.65.209.180,4
209.17.96.74,4
78.46.176.21,4
212.95.5.255,4
79.110.12.149,4
191.101.92.81,4
50.86.53.153,4
198.12.108.114,4
209.99.134.45,4
77.20.15.40,4
192.36.248.249,4
109.152.62.77,4
3.249.243.234,4
196.17.234.38,4
165.231.45.203,4
109.65.25.148,4
198.12.123.156,4
23.229.58.143,4
23.250.24.59,4
213.162.73.71,4
31.125.111.225,4
198.20.179.216,4
112.196.162.120,4
88.198.140.4,4
73.192.98.26,4
104.168.82.3,4
195.16.30.174,4
81.164.85.254,4
103.107.198.245,4
23.82.80.198,4
43.229.89.40,4
190.0.242.217,4
85.90.105.201,4
199.231.85.194,4
107.173.230.254,4
49.207.221.1,4
212.64.65.172,4
194.88.143.25,4
197.23.117.111,4
40.77.188.84,4
40.77.190.85,4
40.77.188.178,4
198.12.103.56,4
107.173.85.108,4
37.171.31.49,4
46.55.25.191,4
131.108.118.103,4
54.195.15.26,4
192.111.130.2,4
62.201.233.59,4
45.57.153.61,4
196.3.171.138,4
94.242.62.71,4
135.148.2.94,4
170.244.0.179,4
39.50.74.96,4
62.149.7.163,4
113.117.134.222,4
69.58.2.53,4
5.188.216.203,4
41.45.178.60,4
110.77.171.185,4
140.213.58.116,4
84.100.254.253,4
45.153.157.86,4
209.99.129.181,4
191.101.92.116,4
168.91.83.36,4
148.251.69.139,4
198.12.110.92,4
105.163.247.127,4
36.71.48.40,4
51.210.242.144,4
142.68.86.3,4
41.35.68.122,4
156.209.142.190,4
197.47.128.226,4
197.59.9.58,4
188.3.3.101,4
174.76.48.252,4
112.86.196.49,4
188.148.223.146,4
199.58.86.211,4
92.169.12.127,4
156.179.151.36,4
107.172.45.234,4
207.46.13.51,4
13.92.119.142,4
34.247.54.61,4
175.106.18.201,4
156.222.143.182,4
98.185.94.94,4
101.108.188.112,4
31.168.162.114,4
107.174.34.50,4
89.187.177.105,4
196.216.95.100,4
82.64.111.227,4
47.242.156.55,4
102.159.22.166,4
95.31.119.210,4
96.255.111.247,4
156.196.125.190,4
81.103.70.201,4
156.209.35.39,4
72.200.69.148,4
197.31.214.112,4
88.206.111.62,4
172.245.214.245,4
91.223.32.102,4
106.220.236.238,4
62.74.153.118,4
111.68.99.51,4
110.229.156.30,4
209.17.96.146,4
191.101.95.8,4
170.83.179.229,4
192.99.37.116,4
23.98.139.6,4
107.172.1.70,4
41.138.102.254,4
139.162.35.102,4
47.242.170.47,4
145.219.89.34,4
154.182.180.56,4
101.51.141.17,4
156.209.220.119,4
187.44.214.182,4
197.94.197.242,4
77.170.53.92,4
1.20.100.45,4
104.227.60.113,4
107.173.19.110,4
174.70.241.8,4
209.127.181.154,4
64.119.16.110,4
157.46.149.245,4
66.249.66.129,4
86.207.46.92,4
77.206.60.83,4
194.254.15.184,4
185.191.171.38,4
109.209.210.169,4
185.174.156.219,4
196.231.243.139,4
192.3.180.251,4
188.170.86.8,4
24.135.20.241,4
157.38.48.127,4
148.75.20.111,4
83.114.222.149,4
154.236.95.78,4
86.211.98.178,4
66.249.79.16,4
24.235.54.14,4
66.249.79.201,4
24.122.123.210,4
37.110.133.102,4
66.249.79.199,4
213.7.196.26,4
23.108.31.122,4
185.104.184.116,4
85.208.98.53,4
209.45.53.53,4
168.91.81.98,4
174.70.241.27,4
185.191.171.25,4
103.240.195.234,4
177.137.228.172,4
79.183.6.36,4
185.191.171.10,4
176.160.246.81,4
51.103.78.185,4
185.94.192.86,4
81.3.179.83,4
185.191.171.1,4
190.93.28.122,4
185.191.171.15,4
5.173.48.240,4
66.249.93.22,4
5.56.132.46,4
103.216.82.18,4
199.58.86.209,4
185.191.171.26,4
144.76.4.41,4
3.131.99.59,4
78.46.171.76,4
185.191.171.40,4
165.225.8.254,4
208.102.51.6,4
185.222.58.100,4
69.61.200.104,4
62.210.91.20,4
49.89.85.57,4
154.117.157.180,4
80.47.38.82,4
102.159.44.193,4
37.120.203.76,4
99.238.100.54,4
24.236.252.67,2
123.125.71.35,2
50.150.204.184,2
200.49.190.100,2
87.169.99.232,2
121.107.188.202,2
174.37.205.76,2
24.233.162.179,2
123.125.71.117,2
220.181.108.153,2
74.125.176.81,2
112.110.247.238,2
203.118.242.184,2
223.81.196.65,2
66.168.50.129,2
180.76.5.27,2
93.164.60.142,2
94.175.135.116,2
172.56.29.98,2
173.252.73.114,2
50.195.216.83,2
81.169.149.220,2
54.226.176.99,2
95.153.89.104,2
41.223.160.234,2
50.18.71.222,2
89.176.234.221,2
183.60.243.242,2
23.231.5.40,2
37.130.227.133,2
180.76.6.48,2
31.142.223.246,2
119.63.196.16,2
180.76.5.149,2
54.219.224.86,2
99.188.185.40,2
202.65.130.3,2
201.244.101.132,2
197.206.232.180,2
109.87.146.211,2
166.82.99.140,2
89.100.113.231,2
84.198.71.68,2
219.137.88.123,2
74.208.180.23,2
157.56.92.164,2
180.76.5.59,2
71.171.122.192,2
180.76.6.57,2
187.214.29.27,2
217.71.46.55,2
128.237.28.16,2
131.191.91.87,2
54.219.117.220,2
123.125.71.116,2
68.193.198.76,2
192.30.34.115,2
220.181.108.149,2
112.110.247.233,2
112.110.247.250,2
112.110.247.236,2
112.110.247.227,2
46.32.254.207,2
46.118.118.101,2
180.76.5.194,2
108.77.164.97,2
85.11.191.105,2
62.161.94.37,2
54.196.174.134,2
54.226.35.19,2
64.128.17.78,2
54.211.215.107,2
99.151.9.144,2
176.58.196.36,2
188.236.57.27,2
82.181.39.216,2
195.188.180.1,2
178.24.154.17,2
220.181.108.178,2
106.66.30.77,2
123.125.71.72,2
223.72.228.186,2
152.16.50.192,2
98.115.54.224,2
95.37.5.175,2
182.118.20.213,2
111.93.41.206,2
213.112.247.129,2
198.143.144.61,2
198.143.145.210,2
177.37.188.215,2
23.21.22.111,2
174.26.232.198,2
180.76.5.17,2
201.74.200.85,2
68.97.23.170,2
180.76.5.20,2
178.84.1.162,2
94.242.255.188,2
70.193.72.87,2
31.45.226.43,2
180.76.5.172,2
61.174.9.96,2
199.15.233.137,2
185.5.156.107,2
46.105.125.31,2
201.216.154.220,2
50.90.110.61,2
5.63.5.62,2
173.44.57.180,2
54.234.1.193,2
173.217.194.185,2
173.252.110.114,2
69.171.248.4,2
69.171.248.3,2
173.252.80.112,2
107.22.42.225,2
197.235.139.144,2
123.125.71.114,2
220.181.108.171,2
79.114.119.129,2
82.127.237.118,2
200.123.214.163,2
157.55.35.45,2
180.76.5.144,2
83.222.46.173,2
88.134.8.254,2
69.171.237.10,2
69.171.237.9,2
178.48.154.212,2
180.153.236.122,2
41.99.29.14,2
98.202.182.168,2
54.219.33.174,2
180.76.6.150,2
37.137.150.253,2
200.50.183.132,2
95.234.214.194,2
46.28.105.80,2
180.76.5.74,2
82.38.225.83,2
199.102.67.16,2
46.120.130.221,2
180.235.148.243,2
79.116.60.76,2
78.73.74.252,2
74.125.40.18,2
199.189.248.95,2
54.242.155.74,2
85.19.71.167,2
180.76.5.61,2
88.115.211.201,2
91.207.5.54,2
76.203.196.208,2
81.82.116.247,2
153.174.34.38,2
180.76.5.190,2
101.226.168.196,2
101.226.168.198,2
69.143.198.134,2
88.162.202.146,2
62.108.180.233,2
142.197.51.102,2
108.71.169.76,2
189.60.115.148,2
83.10.253.20,2
180.76.6.54,2
50.177.153.223,2
197.153.69.109,2
66.147.244.126,2
187.210.142.8,2
87.179.0.125,2
192.185.81.134,2
157.56.93.40,2
50.105.149.90,2
75.93.220.113,2
216.14.208.102,2
69.50.176.67,2
112.133.195.22,2
81.169.144.135,2
180.76.5.71,2
157.55.33.44,2
54.225.29.47,2
94.197.120.210,2
157.56.229.184,2
23.105.131.207,2
23.105.131.70,2
41.141.61.166,2
179.186.211.223,2
86.180.53.110,2
37.237.137.58,2
97.93.16.156,2
69.63.23.193,2
66.147.242.187,2
130.117.119.79,2
172.251.97.53,2
194.150.156.142,2
177.144.77.89,2
190.250.238.82,2
91.236.74.5,2
46.118.158.25,2
180.76.6.213,2
85.246.85.57,2
181.141.250.44,2
187.211.57.202,2
184.169.233.10,2
24.210.169.33,2
187.16.77.116,2
23.105.131.64,2
111.117.160.16,2
23.105.131.2,2
69.175.14.228,2
69.175.87.242,2
202.46.62.20,2
99.179.126.76,2
119.63.193.130,2
157.55.33.114,2
204.236.162.60,2
203.81.69.86,2
112.208.14.199,2
180.76.6.231,2
23.105.131.247,2
54.219.60.151,2
180.76.5.167,2
121.162.188.120,2
220.181.108.150,2
180.76.5.75,2
61.119.116.21,2
180.76.6.232,2
157.55.32.185,2
96.49.174.109,2
180.76.5.196,2
121.54.41.121,2
49.230.158.243,2
71.229.217.245,2
50.149.129.119,2
24.183.21.30,2
74.125.176.80,2
91.236.75.26,2
157.56.92.141,2
203.116.59.13,2
211.150.124.10,2
68.115.79.126,2
116.212.243.74,2
66.49.182.146,2
180.76.6.151,2
123.125.71.85,2
201.141.65.112,2
157.55.32.84,2
199.30.22.61,2
190.239.74.15,2
157.55.35.80,2
117.7.102.100,2
213.5.179.37,2
157.55.33.108,2
219.89.193.142,2
37.241.118.235,2
106.187.98.170,2
125.236.205.70,2
117.244.105.81,2
74.125.19.215,2
124.35.244.2,2
210.246.47.78,2
189.148.62.33,2
117.192.147.163,2
14.1.42.114,2
125.239.81.249,2
49.224.226.115,2
203.211.107.162,2
204.19.246.36,2
68.8.191.88,2
199.59.148.210,2
199.59.148.209,2
50.97.97.54,2
203.82.66.233,2
203.173.130.29,2
42.156.136.43,2
208.71.68.122,2
180.76.6.66,2
131.253.24.47,2
5.39.4.211,2
199.74.99.157,2
67.215.172.14,2
141.0.10.123,2
122.61.197.176,2
199.116.117.212,2
180.76.5.145,2
207.158.15.119,2
122.56.232.122,2
27.252.40.146,2
122.57.207.174,2
180.76.5.147,2
203.173.194.136,2
2.179.147.248,2
210.19.254.116,2
208.43.255.26,2
188.159.245.205,2
103.247.192.5,2
91.207.7.78,2
180.76.5.26,2
131.253.24.107,2
37.59.47.177,2
188.253.16.227,2
180.76.6.146,2
220.181.108.18,2
183.82.101.58,2
54.215.54.10,2
180.76.6.131,2
118.92.253.144,2
220.181.108.185,2
202.7.107.76,2
59.252.170.29,2
150.101.221.21,2
118.82.184.54,2
192.254.157.212,2
118.148.175.45,2
46.105.37.142,2
37.236.9.107,2
180.76.6.37,2
46.118.126.53,2
124.197.25.116,2
192.91.173.36,2
118.93.208.204,2
54.219.40.115,2
203.173.200.21,2
203.99.206.243,2
122.58.125.143,2
152.118.148.226,2
60.234.195.253,2
98.64.39.111,2
77.185.166.237,2
121.99.121.185,2
94.153.8.37,2
121.99.148.41,2
180.76.6.63,2
155.69.2.12,2
180.76.5.64,2
63.141.248.27,2
98.234.37.228,2
41.189.161.63,2
91.144.171.126,2
193.65.112.2,2
182.72.242.3,2
195.122.146.186,2
120.43.27.41,2
130.185.72.6,2
204.15.164.228,2
62.245.157.217,2
87.175.104.247,2
203.144.5.101,2
67.171.28.123,2
125.239.92.211,2
216.150.76.218,2
217.69.133.239,2
66.249.74.55,2
192.185.83.181,2
62.112.244.2,2
94.194.53.206,2
82.225.159.87,2
180.76.5.62,2
213.180.27.58,2
23.24.200.86,2
50.87.144.128,2
106.36.113.138,2
88.159.158.68,2
84.95.88.100,2
193.173.113.126,2
54.244.142.254,2
93.79.237.62,2
81.52.143.34,2
115.188.97.115,2
180.76.6.158,2
180.153.236.175,2
217.26.210.20,2
36.37.235.225,2
111.69.99.101,2
193.105.0.2,2
95.128.40.244,2
74.125.40.23,2
121.244.49.42,2
123.63.97.14,2
74.208.16.115,2
46.190.80.53,2
59.167.142.22,2
209.148.84.30,2
82.80.23.217,2
183.91.14.219,2
180.76.5.119,2
218.28.225.87,2
202.76.247.11,2
128.141.154.221,2
220.181.51.37,2
98.130.2.118,2
93.42.158.73,2
49.50.247.181,2
103.9.43.132,2
180.76.6.153,2
188.165.58.197,2
217.12.215.94,2
195.27.15.134,2
180.76.6.148,2
62.4.23.48,2
5.0.46.207,2
197.187.26.144,2
74.93.1.97,2
173.252.74.113,2
173.252.74.119,2
173.252.74.112,2
173.252.77.116,2
122.57.173.238,2
62.24.122.25,2
206.161.220.42,2
66.249.80.24,2
180.76.5.116,2
81.52.143.26,2
78.134.38.242,2
129.121.176.228,2
91.217.86.20,2
82.200.166.110,2
118.96.89.249,2
88.234.222.56,2
180.76.5.213,2
5.9.143.150,2
202.65.36.249,2
37.115.190.128,2
60.53.124.75,2
180.76.5.157,2
80.254.147.68,2
180.76.5.77,2
72.167.232.223,2
183.63.83.14,2
141.92.19.36,2
180.76.5.154,2
54.215.29.126,2
199.47.81.13,2
24.111.34.227,2
185.5.152.85,2
66.249.84.69,2
201.242.142.135,2
186.93.30.106,2
186.93.16.149,2
212.234.218.51,2
188.40.60.225,2
203.116.198.120,2
46.118.116.232,2
125.237.203.218,2
49.14.115.120,2
89.182.254.89,2
36.250.177.94,2
109.163.234.10,2
85.76.162.29,2
193.148.35.14,2
80.241.254.122,2
178.140.172.164,2
213.160.130.242,2
220.181.127.18,2
176.195.140.189,2
5.39.50.0,2
204.236.153.140,2
195.250.62.9,2
158.102.162.14,2
180.76.6.137,2
103.25.13.22,2
61.135.190.100,2
199.119.124.45,2
180.76.6.17,2
37.79.145.225,2
183.60.244.24,2
193.252.149.15,2
180.76.6.51,2
78.157.30.184,2
196.196.16.139,2
86.103.158.181,2
62.97.194.235,2
134.99.112.2,2
180.222.70.88,2
188.65.166.78,2
54.224.92.206,2
54.227.17.146,2
54.204.217.52,2
177.229.230.254,2
130.88.99.231,2
220.181.108.162,2
95.153.95.223,2
123.125.71.82,2
88.61.50.114,2
213.87.123.186,2
173.176.91.196,2
118.92.157.140,2
212.227.66.11,2
46.53.98.24,2
20.137.2.50,2
176.198.189.108,2
180.76.6.49,2
213.133.224.50,2
88.152.28.187,2
157.55.32.107,2
41.248.194.136,2
83.139.110.254,2
192.118.78.198,2
123.125.71.56,2
180.76.6.50,2
74.125.19.208,2
105.224.234.235,2
113.189.161.125,2
46.26.114.245,2
78.166.243.242,2
54.221.138.247,2
180.211.193.6,2
41.223.160.233,2
39.41.133.216,2
124.124.1.57,2
217.69.133.235,2
158.136.112.187,2
186.9.133.54,2
180.211.69.209,2
223.67.143.84,2
5.235.199.240,2
2.85.194.19,2
212.107.116.234,2
110.174.108.127,2
62.210.189.45,2
199.187.125.26,2
173.200.233.195,2
31.150.236.68,2
123.125.71.41,2
178.213.67.2,2
77.231.200.120,2
200.141.109.74,2
114.250.134.175,2
82.209.214.162,2
173.236.32.219,2
180.169.2.99,2
108.178.45.172,2
82.178.75.63,2
72.182.73.81,2
54.236.213.208,2
208.88.254.164,2
75.127.15.68,2
96.127.149.186,2
95.153.110.172,2
223.225.206.164,2
176.46.113.39,2
186.202.153.56,2
54.215.96.68,2
129.184.84.13,2
129.184.84.12,2
50.2.225.202,2
69.175.14.230,2
108.61.140.67,2
54.242.115.144,2
183.83.4.248,2
202.134.13.137,2
147.210.12.12,2
198.208.159.20,2
151.225.218.180,2
68.40.205.212,2
109.109.46.88,2
192.254.138.148,2
195.37.190.67,2
92.96.157.230,2
180.76.5.21,2
167.220.26.44,2
131.107.160.94,2
37.252.127.97,2
194.153.130.2,2
86.101.235.77,2
54.215.118.244,2
199.15.233.140,2
12.165.188.130,2
97.74.24.113,2
70.177.214.34,2
79.215.79.185,2
180.76.5.69,2
119.63.196.17,2
70.197.6.64,2
198.50.175.174,2
211.125.92.233,2
87.109.78.50,2
178.137.5.235,2
83.25.215.235,2
109.9.166.16,2
130.193.173.90,2
91.236.74.121,2
27.159.230.187,2
173.236.34.182,2
184.154.137.213,2
71.59.185.163,2
89.107.180.34,2
180.76.5.189,2
186.44.199.211,2
72.177.92.9,2
190.181.197.43,2
199.30.25.233,2
31.41.216.135,2
190.131.202.114,2
67.225.29.201,2
99.100.25.83,2
183.60.214.19,2
216.56.20.98,2
65.55.52.94,2
115.245.219.74,2
184.151.222.45,2
189.127.128.209,2
212.101.243.11,2
173.192.238.44,2
5.10.83.66,2
91.191.197.87,2
185.37.161.34,2
189.221.118.68,2
8.35.201.55,2
8.35.201.54,2
8.35.201.52,2
5.10.83.30,2
200.28.244.131,2
190.1.111.247,2
180.76.5.187,2
180.76.5.28,2
82.24.16.46,2
197.237.89.221,2
165.139.161.160,2
74.208.172.133,2
180.76.6.141,2
86.185.215.203,2
195.176.110.194,2
24.190.3.5,2
173.162.242.85,2
119.224.20.139,2
68.87.42.115,2
93.175.2.211,2
54.204.20.250,2
54.204.20.249,2
54.225.104.196,2
183.60.215.50,2
65.55.52.111,2
188.238.146.131,2
180.76.5.114,2
157.56.92.142,2
5.10.83.73,2
204.236.190.162,2
2.38.110.208,2
41.249.219.90,2
180.76.6.14,2
194.237.142.21,2
88.198.156.152,2
68.189.165.19,2
157.55.33.183,2
78.47.134.185,2
99.146.78.102,2
190.107.140.178,2
180.76.5.73,2
173.252.110.115,2
173.252.103.7,2
86.43.205.189,2
129.10.115.241,2
129.10.115.56,2
86.101.250.29,2
151.250.94.199,2
183.60.244.20,2
24.114.40.26,2
148.241.190.81,2
47.22.128.211,2
180.76.5.151,2
184.169.185.164,2
72.182.137.233,2
157.55.33.17,2
184.148.132.111,2
76.21.44.161,2
46.166.199.137,2
199.30.24.78,2
54.203.120.42,2
80.94.240.100,2
70.42.255.243,2
188.252.129.118,2
109.163.234.2,2
120.136.4.243,2
116.199.211.249,2
46.119.114.245,2
66.169.220.99,2
180.76.6.56,2
13.66.139.0,2
92.101.35.224,2
54.36.148.108,2
54.36.149.55,2
95.217.229.86,2
54.36.149.8,2
72.29.66.216,2
35.245.128.50,2
54.36.148.48,2
129.226.117.162,2
51.89.157.100,2
108.160.131.165,2
45.82.198.70,2
54.225.42.168,2
13.58.208.173,2
54.36.148.139,2
91.134.197.233,2
3.101.105.200,2
79.137.50.207,2
92.240.139.252,2
141.101.96.8,2
54.36.148.12,2
54.36.148.88,2
193.106.241.82,2
91.134.17.85,2
98.224.73.246,2
3.236.210.126,2
209.17.96.138,2
49.206.47.165,2
46.248.167.73,2
141.101.96.7,2
54.37.100.111,2
154.16.160.249,2
42.236.10.79,2
51.81.71.215,2
54.36.148.211,2
62.157.73.224,2
193.239.86.200,2
46.248.173.38,2
5.61.253.37,2
104.217.14.60,2
23.229.25.84,2
138.128.13.63,2
46.248.173.37,2
54.36.148.27,2
31.28.162.141,2
3.22.172.84,2
185.253.218.243,2
192.71.224.240,2
192.71.42.108,2
157.55.39.115,2
54.180.148.193,2
3.238.229.213,2
54.36.148.81,2
168.119.69.91,2
54.70.53.60,2
52.208.239.179,2
49.237.17.9,2
27.55.78.26,2
164.132.27.177,2
147.135.181.154,2
173.231.59.205,2
187.103.168.179,2
223.24.184.142,2
47.90.50.213,2
54.38.153.180,2
51.89.207.245,2
51.89.254.209,2
42.236.49.9,2
40.77.167.76,2
141.101.76.9,2
95.163.255.184,2
95.163.255.160,2
18.191.224.110,2
51.89.254.201,2
209.17.97.82,2
157.230.96.179,2
154.121.55.103,2
89.163.131.160,2
209.17.96.82,2
144.76.185.234,2
54.38.153.148,2
217.182.250.120,2
141.101.96.74,2
54.36.149.17,2
54.36.148.89,2
54.36.149.52,2
37.252.185.196,2
51.75.141.254,2
89.187.174.131,2
109.70.100.44,2
204.44.112.79,2
156.146.34.102,2
194.37.96.202,2
217.138.217.217,2
212.102.57.192,2
84.17.46.205,2
18.217.2.146,2
141.101.96.31,2
207.46.13.57,2
45.152.196.52,2
207.46.13.12,2
193.70.103.255,2
157.55.182.186,2
143.202.227.77,2
179.246.217.98,2
193.70.79.97,2
93.177.119.48,2
193.93.195.211,2
44.238.183.142,2
91.121.225.164,2
54.36.148.41,2
88.198.43.207,2
54.38.153.176,2
37.187.205.154,2
51.38.162.5,2
54.36.149.62,2
51.140.45.109,2
46.55.23.55,2
3.235.193.81,2
54.38.153.151,2
54.38.234.228,2
164.132.27.220,2
213.149.103.132,2
76.209.245.209,2
84.173.54.174,2
104.222.43.10,2
46.105.58.112,2
45.140.14.149,2
84.173.52.101,2
5.188.62.214,2
3.16.161.196,2
139.99.131.38,2
54.36.148.98,2
45.131.47.61,2
5.188.211.35,2
188.72.116.142,2
70.36.102.229,2
40.94.96.42,2
5.188.211.13,2
190.14.8.85,2
51.89.204.20,2
176.31.226.2,2
84.173.60.123,2
24.159.37.159,2
159.89.48.237,2
199.184.158.54,2
192.71.126.175,2
192.71.12.140,2
212.224.76.59,2
104.223.33.18,2
209.99.164.75,2
209.17.96.10,2
52.91.74.163,2
174.129.152.202,2
95.217.225.213,2
95.217.225.247,2
95.217.226.60,2
154.110.34.113,2
54.36.149.27,2
54.36.148.172,2
176.106.242.148,2
46.75.13.124,2
52.15.47.251,2
3.249.44.26,2
181.214.161.180,2
185.220.101.133,2
42.113.225.5,2
3.21.92.172,2
52.87.191.23,2
68.183.22.241,2
18.237.215.68,2
42.236.48.225,2
78.192.172.171,2
47.56.205.186,2
54.36.149.92,2
54.208.201.249,2
66.249.79.232,2
20.56.176.20,2
104.222.43.92,2
104.222.33.57,2
104.222.43.208,2
185.89.101.119,2
54.36.148.231,2
5.188.217.93,2
54.36.149.35,2
54.36.148.154,2
104.222.43.148,2
93.178.2.95,2
3.238.113.156,2
132.145.111.129,2
66.249.88.109,2
198.211.117.96,2
78.46.90.120,2
91.227.68.190,2
42.236.10.121,2
54.36.148.23,2
54.36.148.147,2
47.52.253.226,2
18.216.15.214,2
151.80.47.30,2
173.252.127.25,2
173.252.127.16,2
41.62.179.170,2
102.159.209.222,2
107.172.183.142,2
107.172.183.212,2
64.225.51.246,2
188.40.51.138,2
173.252.95.119,2
45.87.60.67,2
206.41.184.13,2
205.250.229.1,2
185.86.151.177,2
51.210.242.200,2
95.72.65.65,2
177.38.242.32,2
54.36.148.233,2
18.223.29.227,2
128.71.165.79,2
197.10.71.115,2
8.210.187.44,2
54.36.149.50,2
85.203.44.226,2
129.56.34.88,2
13.48.53.51,2
88.250.138.185,2
185.255.133.240,2
112.135.232.231,2
141.101.76.108,2
3.239.129.124,2
66.55.76.119,2
162.223.31.190,2
223.166.151.197,2
54.168.179.80,2
54.36.148.84,2
54.36.148.93,2
17.58.96.177,2
192.71.3.26,2
40.77.167.63,2
145.239.211.242,2
173.66.108.90,2
96.246.31.116,2
151.106.38.74,2
47.242.151.73,2
104.236.15.155,2
134.122.9.15,2
54.36.148.43,2
54.36.149.16,2
18.221.206.247,2
3.236.84.92,2
144.202.74.192,2
196.224.238.216,2
209.17.96.106,2
42.236.10.77,2
37.9.40.96,2
185.14.194.191,2
52.158.230.150,2
54.36.149.86,2
103.133.222.123,2
217.149.173.179,2
94.153.32.212,2
68.183.153.8,2
191.102.154.211,2
51.15.171.127,2
49.237.16.84,2
162.158.91.166,2
104.131.189.187,2
90.191.197.70,2
193.95.12.70,2
41.226.22.133,2
185.50.250.68,2
193.93.193.24,2
91.204.15.17,2
193.93.193.236,2
40.77.190.148,2
40.77.188.145,2
40.77.188.16,2
40.77.188.15,2
40.77.189.54,2
40.77.188.38,2
138.94.217.161,2
34.239.171.85,2
84.209.139.0,2
54.36.148.138,2
107.158.85.2,2
3.250.235.190,2
104.227.32.90,2
209.17.96.210,2
34.247.165.168,2
135.181.110.88,2
83.169.39.166,2
42.236.10.105,2
42.236.10.82,2
216.151.180.171,2
3.19.143.11,2
54.36.148.144,2
173.195.15.175,2
176.234.224.51,2
185.250.46.108,2
81.22.46.196,2
83.142.52.149,2
185.89.101.155,2
5.188.217.97,2
193.93.192.237,2
79.110.17.149,2
83.142.52.219,2
45.80.105.51,2
54.36.148.38,2
99.121.60.168,2
54.36.149.88,2
172.58.155.82,2
106.180.133.33,2
192.111.135.21,2
18.220.246.221,2
42.236.102.209,2
216.74.107.237,2
209.99.164.108,2
156.220.80.65,2
156.223.84.59,2
34.239.155.180,2
196.156.169.86,2
173.44.165.136,2
98.184.33.210,2
107.158.85.62,2
179.61.142.127,2
193.41.87.157,2
207.46.13.101,2
52.211.209.80,2
194.59.250.144,2
140.112.152.137,2
40.77.190.68,2
54.36.148.168,2
42.236.10.69,2
66.70.160.187,2
207.46.13.92,2
3.227.251.237,2
31.13.127.117,2
34.223.102.114,2
106.208.27.135,2
80.73.9.236,2
18.224.181.48,2
54.36.149.76,2
45.61.166.117,2
106.217.22.101,2
159.203.5.139,2
41.47.71.149,2
136.243.153.32,2
5.2.69.6,2
185.220.101.2,2
89.236.112.100,2
185.220.100.241,2
192.36.52.37,2
192.71.38.71,2
65.55.210.3,2
18.217.9.47,2
54.36.148.14,2
156.214.242.111,2
42.236.10.90,2
85.128.142.108,2
72.142.92.194,2
72.142.92.196,2
185.220.101.21,2
52.204.27.85,2
40.94.35.86,2
40.94.35.2,2
40.94.35.49,2
40.94.33.12,2
40.94.33.88,2
40.94.33.77,2
52.91.79.112,2
86.105.1.131,2
23.129.64.201,2
66.249.66.92,2
54.78.191.228,2
176.226.184.88,2
134.122.30.37,2
23.95.128.16,2
104.168.57.181,2
54.36.149.14,2
52.114.75.71,2
35.170.74.230,2
42.236.10.70,2
185.191.171.17,2
52.114.6.38,2
52.114.14.102,2
34.198.110.128,2
54.36.148.74,2
139.162.13.177,2
66.249.66.57,2
197.20.118.38,2
79.101.110.201,2
13.66.139.157,2
157.55.39.66,2
35.196.132.85,2
40.94.34.61,2
40.94.34.25,2
40.94.34.15,2
40.94.34.50,2
194.156.125.199,2
95.217.225.252,2
95.217.201.96,2
95.217.193.16,2
185.250.45.208,2
85.208.98.24,2
54.36.148.82,2
103.209.64.19,2
184.178.172.13,2
35.234.23.67,2
192.241.195.30,2
103.216.82.46,2
181.113.225.130,2
66.249.79.203,2
3.18.108.139,2
49.15.129.219,2
49.15.139.200,2
66.249.79.14,2
185.191.171.11,2
24.249.199.14,2
89.108.111.39,2
40.94.25.80,2
40.94.25.36,2
40.94.25.58,2
40.94.25.11,2
40.94.34.47,2
40.94.34.83,2
40.94.34.81,2
40.94.34.32,2
185.191.171.36,2
223.24.186.34,2
54.36.148.157,2
157.38.25.82,2
201.2.108.226,2
168.90.12.7,2
185.191.171.24,2
13.66.139.47,2
54.36.149.73,2
54.36.149.22,2
173.252.107.11,2
173.252.107.4,2
193.105.62.11,2
213.166.69.250,2
103.21.161.105,2
185.191.171.35,2
223.24.92.216,2
185.191.171.45,2
185.191.171.39,2
185.191.171.6,2
185.191.171.23,2
82.165.52.101,2
185.191.171.42,2
54.36.148.51,2
197.2.210.93,2
204.236.211.13,2
217.182.175.162,2
52.14.68.44,2
13.66.139.5,2
52.14.77.107,2
151.26.251.52,2
52.15.88.70,2
185.191.171.43,2
185.191.171.14,2
52.39.67.224,2
103.250.157.43,2
34.253.150.1,2
91.222.236.92,2
13.66.139.90,2
103.241.227.114,2
104.236.61.133,2
197.31.66.36,2
3.249.128.59,2
103.241.227.110,2
192.169.139.161,2
182.253.106.13,2
185.191.171.13,2
209.17.96.234,2
156.220.58.189,2
185.191.171.20,2
77.75.77.17,2
77.75.77.101,2
77.75.77.62,2
77.75.77.32,2
185.191.171.2,2
87.103.174.147,2
94.228.244.127,2
3.238.29.156,2
40.74.76.232,2
77.75.77.109,2
54.36.148.223,2
62.16.13.183,2
